Track Name,Artist,Album,Popularity,Duration (minutes),URL,Album Cover
Shape of You,Ed Sheeran,÷ (Deluxe),88,3.8952,https://open.spotify.com/track/7qiZfU4dY1lWllzX7mPBI3,https://i.scdn.co/image/ab67616d0000b273ba5db46f4b838ef6027e6f96
Mr. Brightside,The Killers,Hot Fuss,63,3.703333333333333,https://open.spotify.com/track/3n3Ppam7vgaVa1iaRUc9Lp,https://i.scdn.co/image/ab67616d0000b2739c284a6855f4945dc5a3cd73
Blinding Lights,The Weeknd,After Hours,89,3.334,https://open.spotify.com/track/0VjIjW4GlUZAMYd2vXMi3b,https://i.scdn.co/image/ab67616d0000b2738863bc11d2aa12b54f5aeb36
Time is Running Out,Muse,Absolution,4,3.95065,https://open.spotify.com/track/2takcwOaAZWiXQijPHIx7B,https://i.scdn.co/image/ab67616d0000b2738cb690f962092fd44bbe2bf4
Never Gonna Give You Up,Rick Astley,Whenever You Need Somebody,4,3.55955,https://open.spotify.com/track/4uLU6hMCjMI75M1A2tKUQC,https://i.scdn.co/image/ab67616d0000b273255e131abc1410833be95673
Despacito,Luis Fonsi,VIDA,80,3.8226666666666667,https://open.spotify.com/track/6habFhsOp2NvshLv26DqMb,https://i.scdn.co/image/ab67616d0000b273ef0d4234e1a645740f77d59c
Toxic,Britney Spears,In The Zone,84,3.3133333333333335,https://open.spotify.com/track/6I9VzXrHxO9rA9A5euc8Ak,https://i.scdn.co/image/ab67616d0000b273efc6988972cb04105f002cd4
Shallow,Lady Gaga,A Star Is Born Soundtrack,84,3.59555,https://open.spotify.com/track/2VxeLyX666F8uXCJ0dZF8B,https://i.scdn.co/image/ab67616d0000b273e2d156fdc691f57900134342
Yellow,Coldplay,Parachutes,91,4.4462166666666665,https://open.spotify.com/track/3AJwUDP919kvQ9QcozQPxg,https://i.scdn.co/image/ab67616d0000b2739164bafe9aaa168d93f4816a
bad guy,Billie Eilish,"WHEN WE ALL FALL ASLEEP, WHERE DO WE GO?",81,3.234783333333333,https://open.spotify.com/track/2Fxmhks0bxGSBdJ92vM42m,https://i.scdn.co/image/ab67616d0000b27350a3147b4edd7701a876c6ce
SICKO MODE,Travis Scott,ASTROWORLD,82,5.213666666666667,https://open.spotify.com/track/2xLMifQCjDGFmkHkpNLD9h,https://i.scdn.co/image/ab67616d0000b273072e9faef2ef7b6db63834a3
Uprising,Muse,The Resistance,78,5.080666666666667,https://open.spotify.com/track/4VqPOruhp5EdPBeR92t6lQ,https://i.scdn.co/image/ab67616d0000b273b6d4566db0d12894a1a3b7a2
Billie Jean,Michael Jackson,Thriller 25 Super Deluxe Edition,79,4.8971,https://open.spotify.com/track/5ChkMS8OtdzJeqyybCc9R5,https://i.scdn.co/image/ab67616d0000b2734121faee8df82c526cbab2be
"thank u, next",Ariana Grande,"thank u, next",81,3.4553333333333334,https://open.spotify.com/track/3e9HZxeyfWwjeyPAMmWSSQ,https://i.scdn.co/image/ab67616d0000b27356ac7b86e090f307e218e9c8
Happier Than Ever,Billie Eilish,Happier Than Ever,84,4.98165,https://open.spotify.com/track/4RVwu0g32PAqgUiJoXsdF8,https://i.scdn.co/image/ab67616d0000b2732a038d3bf875d23e4aeaa84e
Like I'm Gonna Lose You (feat. John Legend),Meghan Trainor,Title (Deluxe),73,3.7508833333333333,https://open.spotify.com/track/2YlZnw2ikdb837oKMKjBkW,https://i.scdn.co/image/ab67616d0000b2733b11178cccd78ec77fc12dbc
Goosebumps - Remix,Travis Scott,Goosebumps (Remix),73,2.7133666666666665,https://open.spotify.com/track/5uEYRdEIh9Bo4fpjDd4Na9,https://i.scdn.co/image/ab67616d0000b2739109b0425fb5b36284a24891
Sunflower - Spider-Man: Into the Spider-Verse,Post Malone,Spider-Man: Into the Spider-Verse (Soundtrack From & Inspired by the Motion Picture),82,2.634,https://open.spotify.com/track/3KkXRkHbMCARz0aVfEt68P,https://i.scdn.co/image/ab67616d0000b273e2e352d89826aef6dbd5ff8f
I'm Good (Blue),David Guetta,I'm Good (Blue),85,2.9206333333333334,https://open.spotify.com/track/4uUG5RXrOk84mYEfFvj3cK,https://i.scdn.co/image/ab67616d0000b273933c036cd61cd40d3f17a9c4
rockstar (feat. 21 Savage),Post Malone,beerbongs & bentleys,81,3.6357666666666666,https://open.spotify.com/track/0e7ipj03S05BNilyu5bRzt,https://i.scdn.co/image/ab67616d0000b273b1c4b76e23414c9f20242268
Prelude for Piano No. 11 in F-Sharp Minor,Eduard Abramyan,"Abramyan: Preludes – Rachmaninoff: Sonata No. 2 in B-Flat Minor, Op. 36 – Babadjanyan: Capriccio, Improvisation, Folksong, Elegy, Poem",29,4.138216666666667,https://open.spotify.com/track/4iV5W9uYEdYUVa79Axb7Rh,https://i.scdn.co/image/ab67616d0000b2734f61e186facbb486f79e9fd9
American Pie,Don McLean,American Pie,78,8.614883333333333,https://open.spotify.com/track/1fDsrQ23eTAVFElUMaf38X,https://i.scdn.co/image/ab67616d0000b2730085dd4362653ef4c54ebbeb
Viva La Vida,Coldplay,Viva La Vida or Death and All His Friends,86,4.03955,https://open.spotify.com/track/1mea3bSkSGXuIRvnydlB5b,https://i.scdn.co/image/ab67616d0000b273e21cc1db05580b6f2d2a3b6e
everything i wanted,Billie Eilish,everything i wanted,83,4.090416666666667,https://open.spotify.com/track/3ZCTVFBt2Brf31RLEnCkWJ,https://i.scdn.co/image/ab67616d0000b273f2248cf6dad1d6c062587249
Perfect,Ed Sheeran,÷ (Deluxe),88,4.39,https://open.spotify.com/track/0tgVpDi06FyKpA1z0VMD4v,https://i.scdn.co/image/ab67616d0000b273ba5db46f4b838ef6027e6f96
Something Just Like This,The Chainsmokers,Memories...Do Not Open,87,4.1193333333333335,https://open.spotify.com/track/6RUKPb4LETWmmr3iAEQktW,https://i.scdn.co/image/ab67616d0000b2730c13d3d5a503c84fcc60ae94
Hey Ya!,Outkast,Speakerboxxx/The Love Below,82,3.9202166666666667,https://open.spotify.com/track/2PpruBYCo4H7WOBJ7Q2EwM,https://i.scdn.co/image/ab67616d0000b2736e88eb6508fd94cd1b745ce2
WAP (feat. Megan Thee Stallion),Cardi B,WAP (feat. Megan Thee Stallion),75,3.1256833333333334,https://open.spotify.com/track/4Oun2ylbjFKMPTiaSbbCih,https://i.scdn.co/image/ab67616d0000b273c450c89d3eb750d3535b0a0c
SAD!,XXXTENTACION,?,79,2.77675,https://open.spotify.com/track/3ee8Jmje8o58CHK66QrVC2,https://i.scdn.co/image/ab67616d0000b273806c160566580d6335d1f16c
Blank Space,Taylor Swift,1989,75,3.863766666666667,https://open.spotify.com/track/1p80LdxRV74UKvL8gnD7ky,https://i.scdn.co/image/ab67616d0000b2739abdf14e6058bd3903686148
Dreams - 2004 Remaster,Fleetwood Mac,Rumours (Super Deluxe),89,4.296666666666667,https://open.spotify.com/track/0ofHAoxe9vBkTCp2UQIavz,https://i.scdn.co/image/ab67616d0000b273e52a59a28efa4773dd2bfe1b
Too Good At Goodbyes,Sam Smith,The Thrill Of It All (Special Edition),82,3.35,https://open.spotify.com/track/1mXVgsBdtIVeCLJnSnmtdV,https://i.scdn.co/image/ab67616d0000b273005cd7d0ae87b081601f6cca
Closer,The Chainsmokers,Closer,86,4.082666666666666,https://open.spotify.com/track/7BKLCZ1jbUBVqRi2FVlTVw,https://i.scdn.co/image/ab67616d0000b273495ce6da9aeb159e94eaa453
Galway Girl,Ed Sheeran,÷ (Deluxe),79,2.8471,https://open.spotify.com/track/0afhq8XCExXpqazXczTSve,https://i.scdn.co/image/ab67616d0000b273ba5db46f4b838ef6027e6f96
"Taki Taki (feat. Selena Gomez, Ozuna & Cardi B)",DJ Snake,Carte Blanche,74,3.5416666666666665,https://open.spotify.com/track/0KoiMHhqKLoL4xM54rcWYY,https://i.scdn.co/image/ab67616d0000b273caf82abb2338880577e472be
This Charming Man - 2011 Remaster,The Smiths,The Smiths,78,2.715333333333333,https://open.spotify.com/track/1FvDJ9KGxcqwv1utyPL3JZ,https://i.scdn.co/image/ab67616d0000b273a09b231129ab1cb1a6efc57f
That's What I Like,Bruno Mars,24K Magic,87,3.4448833333333333,https://open.spotify.com/track/0KKkJNfGyhkQ5aFogxQAPU,https://i.scdn.co/image/ab67616d0000b273232711f7d66a1e19e89e28c5
The Nights,Avicii,The Days / Nights,84,2.9443,https://open.spotify.com/track/0ct6r3EGTcMLPtrXHDvVjc,https://i.scdn.co/image/ab67616d0000b2730ae4f4d42e4a09f3a29f64ad
Lights Up,Harry Styles,Fine Line,67,2.870216666666667,https://open.spotify.com/track/4jAIqgrPjKLTY9Gbez25Qb,https://i.scdn.co/image/ab67616d0000b27377fdcfda6535601aff081b6a
The Box,Roddy Ricch,Please Excuse Me for Being Antisocial,81,3.2775333333333334,https://open.spotify.com/track/0nbXyq5TXYPCO7pr3N8S4I,https://i.scdn.co/image/ab67616d0000b273600adbc750285ea1a8da249f
You Shook Me All Night Long,AC/DC,Back In Black,81,3.502883333333333,https://open.spotify.com/track/2SiXAy7TuUkycRVbbWDEpo,https://i.scdn.co/image/ab67616d0000b2730b51f8d91f3a21e8426361ae
Wannabe,Spice Girls,Spice,81,2.883766666666667,https://open.spotify.com/track/1Je1IMUlBXcx1Fz0WE7oPT,https://i.scdn.co/image/ab67616d0000b27363facc42e4a35eb3aa182b59
goosebumps,Travis Scott,Birds In The Trap Sing McKnight,84,4.063933333333333,https://open.spotify.com/track/6gBFPUFcJLzWGx4lenP6h2,https://i.scdn.co/image/ab67616d0000b273f54b99bf27cda88f4a7403ce
Save Your Tears,The Weeknd,After Hours,86,3.5937666666666668,https://open.spotify.com/track/5QO79kh1waicV47BqGRL3g,https://i.scdn.co/image/ab67616d0000b2738863bc11d2aa12b54f5aeb36
Timber,Pitbull,Global Warming: Meltdown (Deluxe Version),83,3.4026666666666667,https://open.spotify.com/track/3cHyrEgdyYRjgJKSOiOtcS,https://i.scdn.co/image/ab67616d0000b273f2486b438645e97b523e4f90
Never Gonna Give You Up,Rick Astley,Whenever You Need Somebody,79,3.55955,https://open.spotify.com/track/4PTG3Z6ehGkBFwjybzWkR8,https://i.scdn.co/image/ab67616d0000b27315ebbedaacef61af244262a8
Royals,Lorde,Pure Heroine,79,3.16975,https://open.spotify.com/track/2dLLR6qlu5UJ5gk0dKz0h3,https://i.scdn.co/image/ab67616d0000b273187331e276c898d39764cc98
Stairway to Heaven - Remaster,Led Zeppelin,Led Zeppelin IV (Deluxe Edition),79,8.047166666666667,https://open.spotify.com/track/5CQ30WqJwcep0pYcV4AMNc,https://i.scdn.co/image/ab67616d0000b273c8a11e48c91a982d086afc69
rockstar,Post Malone,rockstar,3,3.6386666666666665,https://open.spotify.com/track/7wGoVu4Dady5GV0Sv4UIsx,https://i.scdn.co/image/ab67616d0000b273345f823b6c1dbd3b4cc7b382
Dance Monkey,Tones And I,Dance Monkey (Stripped Back) / Dance Monkey,74,3.4906333333333333,https://open.spotify.com/track/2XU0oxnq2qxCpomAAuJY8K,https://i.scdn.co/image/ab67616d0000b273c6f7af36ecdc3ed6e0a1f169
"Neethanae (From ""Mersal"")",A.R. Rahman,"Neethanae (From ""Mersal"")",58,4.47425,https://open.spotify.com/track/6VP7HEaqHVFFW0ASZUkwMn,https://i.scdn.co/image/ab67616d0000b27391f5116950c1c86120efca19
Newyork Nagaram,A.R. Rahman,Sillunu Oru Kadhal (Original Motion Picture Soundtrack),63,6.300333333333334,https://open.spotify.com/track/0cVrLxeQjiAcftuGzp32qY,https://i.scdn.co/image/ab67616d0000b273ff3e3dcc8b72e3315b7a04d9
Uyirin Uyire,Krishnakumar Kunnath,Kaakha Kaakha (Original Motion Picture Soundtrack),61,5.3571,https://open.spotify.com/track/7LuYc1yBvfvvLC1O7Ng4v4,https://i.scdn.co/image/ab67616d0000b273e73033159975344301463178
Enna Nadanthalum,Hiphop Tamizha,Meesaya Murukku (Original Motion Picture Soundtrack),64,4.0844,https://open.spotify.com/track/7yk8CT3m3KI8u6DEWc3dFk,https://i.scdn.co/image/ab67616d0000b273542a1fce78b3c44b1b3e8f0b
Tere Bina,A.R. Rahman,Guru (Original Motion Picture Soundtrack),80,5.160666666666667,https://open.spotify.com/track/4FeczSomVWVyU4FW7xDeAI,https://i.scdn.co/image/ab67616d0000b2730504fdf58bae8cd52dd13047
Kadhalikathey,Hiphop Tamizha,Imaikkaa Nodigal (Original Motion Picture Soundtrack),53,3.36705,https://open.spotify.com/track/2ll0Hczs61IOC6Jj7igd4T,https://i.scdn.co/image/ab67616d0000b273ca041663617f8a76265824d5
Pouraadalaam,Armaan Malik,M.S.Dhoni - The Untold Story,41,4.274583333333333,https://open.spotify.com/track/34jOQQkZnyo4v5k0T8PD67,https://i.scdn.co/image/ab67616d0000b273d408a5daef71d047c4928380
"Monica (From ""Coolie"") (Tamil)",Anirudh Ravichander,"Monica (From ""Coolie"") (Tamil)",78,3.6271166666666668,https://open.spotify.com/track/2t1pEpxPz91KldW7C0FyZv,https://i.scdn.co/image/ab67616d0000b27325fa8e214ad888b7d291f25e
"Powerhouse (From ""Coolie"") (Tamil)",Anirudh Ravichander,"Powerhouse (From ""Coolie"") (Tamil)",75,3.443783333333333,https://open.spotify.com/track/4ipcv9eHC6w5xKXxX0Z1Zu,https://i.scdn.co/image/ab67616d0000b273fb6b64d74a39c88ffb8737d9
"Vazhithunaiye - From ""Dragon""",Leon James,"Vazhithunaiye (From ""Dragon"")",67,3.6380833333333333,https://open.spotify.com/track/3bTnREOf1CyY4Gz5jfHUiI,https://i.scdn.co/image/ab67616d0000b2737eb5b147dc197bca096c437c
"Agar Tum Saath Ho (From ""Tamasha"")",A.R. Rahman,A.R. Rahman All Time Favourites,51,5.684233333333333,https://open.spotify.com/track/7aYW9bfmULF9q2hwe2HtpU,https://i.scdn.co/image/ab67616d0000b2731bea41b64855e2efd68d5fcb
"Raanjhanaa (From ""Raanjhanaa"")",A.R. Rahman,Raanjhanaa (Original Motion Picture Soundtrack),74,4.2442166666666665,https://open.spotify.com/track/5OMUXgfXsSukZ0zxelpC3b,https://i.scdn.co/image/ab67616d0000b273a00249b8bf77312ec156dd4b
"Chuttamalle (From ""Devara Part 1"")",Shilpa Rao,"Chuttamalle (From ""Devara Part 1"")",74,3.70105,https://open.spotify.com/track/1bxzr3JK05fMTcweGAZUHp,https://i.scdn.co/image/ab67616d0000b2736d97b3dc154dfdbe2321fb5c
Illuminati,Sushin Shyam,Aavesham (Original Motion Picture Soundtrack),62,3.5420833333333333,https://open.spotify.com/track/1a1xLj9W8libnO9PvJf6ao,https://i.scdn.co/image/ab67616d0000b2731d93bb16bf3025587d001f45
Onam Mood,Bibin Ashok,Sahasam,47,3.08,https://open.spotify.com/track/24y75YaEdGY1EAip02ORzk,https://i.scdn.co/image/ab67616d0000b273c3a96c6043454b2478654b7d
Chaleya,Anirudh Ravichander,Jawan,68,3.33955,https://open.spotify.com/track/3xMHXmedL5Rvfxmiar9Ryv,https://i.scdn.co/image/ab67616d0000b273e452a6e11147f3e56aee6f5b
Pillaa Raa,Anurag Kulkarni,RX 100,66,3.92165,https://open.spotify.com/track/6Vq4ePrJPZ2vU6DXnZGcVD,https://i.scdn.co/image/ab67616d0000b2738fda58224d898d6ae6593734
Yemito,Haricharan,Andala Rakshasi (Original Motion Picture Soundtrack),62,4.480433333333333,https://open.spotify.com/track/1eknwgCfzOXC0VRTst91l7,https://i.scdn.co/image/ab67616d0000b27369ed5ff7a28baba8ab5aea12
Priyathama Priyathama,Chinmayi,Kotha Kothagaa,49,4.098083333333333,https://open.spotify.com/track/1flfRpvHEitNI3V7Y6G4XR,https://i.scdn.co/image/ab67616d0000b2733f763a1fedec0a049ca583f0
"Nenjukkul Peidhidum (From ""Vaaranam Aayiram"")",Harris Jayaraj,Harris Jayaraj Melodies,23,6.15555,https://open.spotify.com/track/5ZmD4Qv3lddB8d4lJa4ADC,https://i.scdn.co/image/ab67616d0000b2731277194b0ad3a63793c0bd04
"Kannamma - From ""Ispade Rajavum Idhaya Raniyum""",Sam C.S.,"Kannamma (From ""Ispade Rajavum Idhaya Raniyum"")",67,4.282416666666666,https://open.spotify.com/track/4KUQFOGTaHrggl3hfMoaAe,https://i.scdn.co/image/ab67616d0000b27378a66d1b99fce4ec68669654
Malai Mangum Neram,Ranina Reddy,Rowthiram (Orignal Motion Picture Soundtrack),64,5.226666666666667,https://open.spotify.com/track/2VrNpMt23IX5ZfROWM7wAi,https://i.scdn.co/image/ab67616d0000b273f54b6ead04e999383fbb597c
Mazhai Vara Pogudhae,Harris Jayaraj,Yennai Arindhaal (Original Motion Picture Soundtrack),59,5.709116666666667,https://open.spotify.com/track/5ich0wSxDxMryEjwZo6XzG,https://i.scdn.co/image/ab67616d0000b273673ce5ba3c125470e36ecff9
Golden,HUNTR/X,KPop Demon Hunters (Soundtrack from the Netflix Film),100,3.24345,https://open.spotify.com/track/1CPZ5BxNNd0n0nF4Orb9JS,https://i.scdn.co/image/ab67616d0000b2734dcb6c5df15cf74596ab25a4
APT.,ROSÉ,APT.,88,2.83195,https://open.spotify.com/track/5vNRhkKd0yEAg8suGBpjeY,https://i.scdn.co/image/ab67616d0000b27336032cb4acd9df050bc2e197
Sugar Rush Ride,TOMORROW X TOGETHER,The Name Chapter: TEMPTATION,67,3.1095,https://open.spotify.com/track/0rhI6gvOeCKA502RdJAbfs,https://i.scdn.co/image/ab67616d0000b2733bb056e3160b85ee86c1194d
FEARLESS,LE SSERAFIM,FEARLESS,69,2.8072833333333334,https://open.spotify.com/track/296nXCOv97WJNRWzIBQnoj,https://i.scdn.co/image/ab67616d0000b273ea40d88f11d5e4362ac809ce
LOVE DIVE,IVE,LOVE DIVE,71,2.9531,https://open.spotify.com/track/0Q5VnK2DYzRyfqQRJuUtvi,https://i.scdn.co/image/ab67616d0000b2739016f58cc49e6473e1207093
FLOWER,JISOO,ME,70,2.8855666666666666,https://open.spotify.com/track/69CrOS7vEHIrhC2ILyEi0s,https://i.scdn.co/image/ab67616d0000b273f35b8a6c03cc633f734bd8ac
Super Shy,NewJeans,NewJeans 'Super Shy',79,2.5777666666666668,https://open.spotify.com/track/5sdQOyqq2IDhvmx2lHOpwd,https://i.scdn.co/image/ab67616d0000b2733d98a0ae7c78a3a9babaf8af
Standing Next to You,Jung Kook,GOLDEN,82,3.43365,https://open.spotify.com/track/2KslE17cAJNHTsI2MI0jb2,https://i.scdn.co/image/ab67616d0000b273741fd4807f442af3f7359316
Boy With Luv (feat. Halsey),BTS,MAP OF THE SOUL : PERSONA,76,3.82955,https://open.spotify.com/track/4a9tbd947vo9K8Vti9JwcI,https://i.scdn.co/image/ab67616d0000b27318d0ed4f969b376893f9a38f
UNTOUCHABLE,ITZY,BORN TO BE,60,3.2348833333333333,https://open.spotify.com/track/2HQALWSN6IF4BYrSADMJ0w,https://i.scdn.co/image/ab67616d0000b273470d0ba5f707b141d1337cf2
Shhh,KISS OF LIFE,KISS OF LIFE,60,3.037333333333333,https://open.spotify.com/track/76qqDJijAjFph7sjUxNVG8,https://i.scdn.co/image/ab67616d0000b2732ff7c76b0790cd3ad63cfc0c
Bubble,STAYC,TEENFRESH,54,2.9879166666666666,https://open.spotify.com/track/4P5ozkI1bxiGxA5rZ27jlO,https://i.scdn.co/image/ab67616d0000b27305f3e920cfd3ae7fe9192149
DASH,NMIXX,Fe3O4: BREAK,62,2.782983333333333,https://open.spotify.com/track/2RoYgkPzUY0vY7lhUuyus1,https://i.scdn.co/image/ab67616d0000b27381d97a31253b898bc4149195
Drama,aespa,Drama - The 4th Mini Album,76,3.582883333333333,https://open.spotify.com/track/5XWlyfo0kZ8LF7VSyfS4Ew,https://i.scdn.co/image/ab67616d0000b273c54e39f2ae0dd10731f93c08
Deja Vu,TOMORROW X TOGETHER,minisode 3: TOMORROW,70,2.8571166666666667,https://open.spotify.com/track/3aAnwyBJY9OLNLqSgd4fZU,https://i.scdn.co/image/ab67616d0000b27303c996028737858321d2ffe0
SHEESH,BABYMONSTER,BABYMONS7ER,76,2.8392666666666666,https://open.spotify.com/track/1njlnn8ZKHI77Pe9szIONR,https://i.scdn.co/image/ab67616d0000b2734f6afc385052250c766a5683
Super,SEVENTEEN,SEVENTEEN 10th Mini Album 'FML',66,3.3397666666666668,https://open.spotify.com/track/3AOf6YEpxQ894FmrwI9k96,https://i.scdn.co/image/ab67616d0000b27380e31ba0c05187e6310ef264
Bite Me,ENHYPEN,DARK BLOOD,79,2.6255166666666665,https://open.spotify.com/track/7mpdNiaQvygj2rHoxkzMfa,https://i.scdn.co/image/ab67616d0000b2731d03b5e88cee6870778a4d27
I AM,IVE,I've IVE,75,3.064216666666667,https://open.spotify.com/track/70t7Q6AYG6ZgTYmJWcnkUM,https://i.scdn.co/image/ab67616d0000b27325ef3cec1eceefd4db2f91c8
"Ada All Thotta Boopathi (From ""Youth"")",Mani Sharma,Youth (Original Motion Picture Soundtrack),63,4.920216666666667,https://open.spotify.com/track/3MDHNu7aYm21tu1slmkrdk,https://i.scdn.co/image/ab67616d0000b273713c0429e94ed2ac579893a3
Yaanji,Anirudh Ravichander,Vikram Vedha (Original Motion Picture Soundtrack),58,4.50625,https://open.spotify.com/track/5NEGfbKMcNuEWOzpWufScA,https://i.scdn.co/image/ab67616d0000b2739cd6fde9d6ce596ebf44ee0f
Buttabomma - Telugu,Armaan Malik,Ala Vaikunthapurramuloo,61,3.3130333333333333,https://open.spotify.com/track/0dnDTvdUco2UbaBjUtPxNS,https://i.scdn.co/image/ab67616d0000b27363118748c712b6ac32c0feec
YAD,Vanna Rainelle,YAD,72,3.0132166666666667,https://open.spotify.com/track/0qWFmXLCsisEfVJzVyShfk,https://i.scdn.co/image/ab67616d0000b273b1a8eaa17b431b3632d674f4
PTT (Paint The Town),LOONA,[&],51,3.352,https://open.spotify.com/track/5awNIWVrh2ISfvPd5IUZNh,https://i.scdn.co/image/ab67616d0000b273608cf05fbd3605c77444917f
Kill This Love,BLACKPINK,Kill This Love,71,3.1508666666666665,https://open.spotify.com/track/5GK7eDDTVz7CTge1wJrDQW,https://i.scdn.co/image/ab67616d0000b2732d602ab2d4acff0c2cf57683
Beautiful Life,Now United,Beautiful Life,47,3.8336,https://open.spotify.com/track/4W30gjiECjnGzLNj2umGoq,https://i.scdn.co/image/ab67616d0000b27371982a2599d4349a8f5522bb
En Jannal Vandha,Yuvan Shankar Raja,Theeratha Vilayaatu Pillai (Original Motion Picture Soundtrack),55,4.724666666666667,https://open.spotify.com/track/04fYoQSUTfPhVjyW8aXkix,https://i.scdn.co/image/ab67616d0000b27308d1f43c3bc493595f1c3726
